conversation,task,rubric_label
"user: PacD Custom Form for Packaging Confirmation to be 25 before ex factory, or 4 days before PTS booking 怎么翻译
assistant: 自定义的 PacD 包装确认表格应在离开工厂前 25 天或 PTS 预订前 4 天完成。
user: Confirm the PO and Submit Packaging Confirmation 

assistant: 确认采购订单并提交包装确认。
",translate messages simultaneously or consecutively into specified languages orally or by using hand signs maintaining message content context and style as much as possible,E1
"user: PacD Custom Form for Packaging Confirmation to be 25 before ex factory, or 4 days before PTS booking 怎么翻译
assistant: 自定义的 PacD 包装确认表格应在离开工厂前 25 天或 PTS 预订前 4 天完成。
user: Confirm the PO and Submit Packaging Confirmation 

assistant: 确认采购订单并提交包装确认。
",translate messages simultaneously or consecutively into specified languages orally or by using hand signs maintaining message content context and style as much as possible,E1
"user: PacD Custom Form for Packaging Confirmation to be 25 before ex factory, or 4 days before PTS booking 怎么翻译
assistant: 自定义的 PacD 包装确认表格应在离开工厂前 25 天或 PTS 预订前 4 天完成。
user: Confirm the PO and Submit Packaging Confirmation 

assistant: 确认采购订单并提交包装确认。
",translate messages simultaneously or consecutively into specified languages orally or by using hand signs maintaining message content context and style as much as possible,E1
"user: PacD Custom Form for Packaging Confirmation to be 25 before ex factory, or 4 days before PTS booking 怎么翻译
assistant: 自定义的 PacD 包装确认表格应在离开工厂前 25 天或 PTS 预订前 4 天完成。
user: Confirm the PO and Submit Packaging Confirmation 

assistant: 确认采购订单并提交包装确认。
",translate messages simultaneously or consecutively into specified languages orally or by using hand signs maintaining message content context and style as much as possible,E1
"user: PacD Custom Form for Packaging Confirmation to be 25 before ex factory, or 4 days before PTS booking 怎么翻译
assistant: 自定义的 PacD 包装确认表格应在离开工厂前 25 天或 PTS 预订前 4 天完成。
user: Confirm the PO and Submit Packaging Confirmation 

assistant: 确认采购订单并提交包装确认。
",translate messages simultaneously or consecutively into specified languages orally or by using hand signs maintaining message content context and style as much as possible,E1
"user: PacD Custom Form for Packaging Confirmation to be 25 before ex factory, or 4 days before PTS booking 怎么翻译
assistant: 自定义的 PacD 包装确认表格应在离开工厂前 25 天或 PTS 预订前 4 天完成。
user: Confirm the PO and Submit Packaging Confirmation 

assistant: 确认采购订单并提交包装确认。
",translate messages simultaneously or consecutively into specified languages orally or by using hand signs maintaining message content context and style as much as possible,E2
"user: PacD Custom Form for Packaging Confirmation to be 25 before ex factory, or 4 days before PTS booking 怎么翻译
assistant: 自定义的 PacD 包装确认表格应在离开工厂前 25 天或 PTS 预订前 4 天完成。
user: Confirm the PO and Submit Packaging Confirmation 

assistant: 确认采购订单并提交包装确认。
",translate messages simultaneously or consecutively into specified languages orally or by using hand signs maintaining message content context and style as much as possible,E1
"user: PacD Custom Form for Packaging Confirmation to be 25 before ex factory, or 4 days before PTS booking 怎么翻译
assistant: 自定义的 PacD 包装确认表格应在离开工厂前 25 天或 PTS 预订前 4 天完成。
user: Confirm the PO and Submit Packaging Confirmation 

assistant: 确认采购订单并提交包装确认。
",translate messages simultaneously or consecutively into specified languages orally or by using hand signs maintaining message content context and style as much as possible,E1
"user: PacD Custom Form for Packaging Confirmation to be 25 before ex factory, or 4 days before PTS booking 怎么翻译
assistant: 自定义的 PacD 包装确认表格应在离开工厂前 25 天或 PTS 预订前 4 天完成。
user: Confirm the PO and Submit Packaging Confirmation 

assistant: 确认采购订单并提交包装确认。
",translate messages simultaneously or consecutively into specified languages orally or by using hand signs maintaining message content context and style as much as possible,E1
"user: PacD Custom Form for Packaging Confirmation to be 25 before ex factory, or 4 days before PTS booking 怎么翻译
assistant: 自定义的 PacD 包装确认表格应在离开工厂前 25 天或 PTS 预订前 4 天完成。
user: Confirm the PO and Submit Packaging Confirmation 

assistant: 确认采购订单并提交包装确认。
",translate messages simultaneously or consecutively into specified languages orally or by using hand signs maintaining message content context and style as much as possible,E1
"user: PacD Custom Form for Packaging Confirmation to be 25 before ex factory, or 4 days before PTS booking 怎么翻译
assistant: 自定义的 PacD 包装确认表格应在离开工厂前 25 天或 PTS 预订前 4 天完成。
user: Confirm the PO and Submit Packaging Confirmation 

assistant: 确认采购订单并提交包装确认。
",translate messages simultaneously or consecutively into specified languages orally or by using hand signs maintaining message content context and style as much as possible,E1
"user: PacD Custom Form for Packaging Confirmation to be 25 before ex factory, or 4 days before PTS booking 怎么翻译
assistant: 自定义的 PacD 包装确认表格应在离开工厂前 25 天或 PTS 预订前 4 天完成。
user: Confirm the PO and Submit Packaging Confirmation 

assistant: 确认采购订单并提交包装确认。
",translate messages simultaneously or consecutively into specified languages orally or by using hand signs maintaining message content context and style as much as possible,E1
"user: PacD Custom Form for Packaging Confirmation to be 25 before ex factory, or 4 days before PTS booking 怎么翻译
assistant: 自定义的 PacD 包装确认表格应在离开工厂前 25 天或 PTS 预订前 4 天完成。
user: Confirm the PO and Submit Packaging Confirmation 

assistant: 确认采购订单并提交包装确认。
",translate messages simultaneously or consecutively into specified languages orally or by using hand signs maintaining message content context and style as much as possible,E1
"user: PacD Custom Form for Packaging Confirmation to be 25 before ex factory, or 4 days before PTS booking 怎么翻译
assistant: 自定义的 PacD 包装确认表格应在离开工厂前 25 天或 PTS 预订前 4 天完成。
user: Confirm the PO and Submit Packaging Confirmation 

assistant: 确认采购订单并提交包装确认。
",translate messages simultaneously or consecutively into specified languages orally or by using hand signs maintaining message content context and style as much as possible,E1
"user: PacD Custom Form for Packaging Confirmation to be 25 before ex factory, or 4 days before PTS booking 怎么翻译
assistant: 自定义的 PacD 包装确认表格应在离开工厂前 25 天或 PTS 预订前 4 天完成。
user: Confirm the PO and Submit Packaging Confirmation 

assistant: 确认采购订单并提交包装确认。
",translate messages simultaneously or consecutively into specified languages orally or by using hand signs maintaining message content context and style as much as possible,E1
"user: PacD Custom Form for Packaging Confirmation to be 25 before ex factory, or 4 days before PTS booking 怎么翻译
assistant: 自定义的 PacD 包装确认表格应在离开工厂前 25 天或 PTS 预订前 4 天完成。
user: Confirm the PO and Submit Packaging Confirmation 

assistant: 确认采购订单并提交包装确认。
",translate messages simultaneously or consecutively into specified languages orally or by using hand signs maintaining message content context and style as much as possible,E1
"user: PacD Custom Form for Packaging Confirmation to be 25 before ex factory, or 4 days before PTS booking 怎么翻译
assistant: 自定义的 PacD 包装确认表格应在离开工厂前 25 天或 PTS 预订前 4 天完成。
user: Confirm the PO and Submit Packaging Confirmation 

assistant: 确认采购订单并提交包装确认。
",translate messages simultaneously or consecutively into specified languages orally or by using hand signs maintaining message content context and style as much as possible,E1
"user: PacD Custom Form for Packaging Confirmation to be 25 before ex factory, or 4 days before PTS booking 怎么翻译
assistant: 自定义的 PacD 包装确认表格应在离开工厂前 25 天或 PTS 预订前 4 天完成。
user: Confirm the PO and Submit Packaging Confirmation 

assistant: 确认采购订单并提交包装确认。
",translate messages simultaneously or consecutively into specified languages orally or by using hand signs maintaining message content context and style as much as possible,E1
"user: PacD Custom Form for Packaging Confirmation to be 25 before ex factory, or 4 days before PTS booking 怎么翻译
assistant: 自定义的 PacD 包装确认表格应在离开工厂前 25 天或 PTS 预订前 4 天完成。
user: Confirm the PO and Submit Packaging Confirmation 

assistant: 确认采购订单并提交包装确认。
",translate messages simultaneously or consecutively into specified languages orally or by using hand signs maintaining message content context and style as much as possible,E2
"user: PacD Custom Form for Packaging Confirmation to be 25 before ex factory, or 4 days before PTS booking 怎么翻译
assistant: 自定义的 PacD 包装确认表格应在离开工厂前 25 天或 PTS 预订前 4 天完成。
user: Confirm the PO and Submit Packaging Confirmation 

assistant: 确认采购订单并提交包装确认。
",translate messages simultaneously or consecutively into specified languages orally or by using hand signs maintaining message content context and style as much as possible,E1
"user: PacD Custom Form for Packaging Confirmation to be 25 before ex factory, or 4 days before PTS booking 怎么翻译
assistant: 自定义的 PacD 包装确认表格应在离开工厂前 25 天或 PTS 预订前 4 天完成。
user: Confirm the PO and Submit Packaging Confirmation 

assistant: 确认采购订单并提交包装确认。
",translate messages simultaneously or consecutively into specified languages orally or by using hand signs maintaining message content context and style as much as possible,E2
"user: PacD Custom Form for Packaging Confirmation to be 25 before ex factory, or 4 days before PTS booking 怎么翻译
assistant: 自定义的 PacD 包装确认表格应在离开工厂前 25 天或 PTS 预订前 4 天完成。
user: Confirm the PO and Submit Packaging Confirmation 

assistant: 确认采购订单并提交包装确认。
",translate messages simultaneously or consecutively into specified languages orally or by using hand signs maintaining message content context and style as much as possible,E2
"user: PacD Custom Form for Packaging Confirmation to be 25 before ex factory, or 4 days before PTS booking 怎么翻译
assistant: 自定义的 PacD 包装确认表格应在离开工厂前 25 天或 PTS 预订前 4 天完成。
user: Confirm the PO and Submit Packaging Confirmation 

assistant: 确认采购订单并提交包装确认。
",translate messages simultaneously or consecutively into specified languages orally or by using hand signs maintaining message content context and style as much as possible,E1
"user: PacD Custom Form for Packaging Confirmation to be 25 before ex factory, or 4 days before PTS booking 怎么翻译
assistant: 自定义的 PacD 包装确认表格应在离开工厂前 25 天或 PTS 预订前 4 天完成。
user: Confirm the PO and Submit Packaging Confirmation 

assistant: 确认采购订单并提交包装确认。
",translate messages simultaneously or consecutively into specified languages orally or by using hand signs maintaining message content context and style as much as possible,E1
"user: PacD Custom Form for Packaging Confirmation to be 25 before ex factory, or 4 days before PTS booking 怎么翻译
assistant: 自定义的 PacD 包装确认表格应在离开工厂前 25 天或 PTS 预订前 4 天完成。
user: Confirm the PO and Submit Packaging Confirmation 

assistant: 确认采购订单并提交包装确认。
",translate messages simultaneously or consecutively into specified languages orally or by using hand signs maintaining message content context and style as much as possible,E1
"user: PacD Custom Form for Packaging Confirmation to be 25 before ex factory, or 4 days before PTS booking 怎么翻译
assistant: 自定义的 PacD 包装确认表格应在离开工厂前 25 天或 PTS 预订前 4 天完成。
user: Confirm the PO and Submit Packaging Confirmation 

assistant: 确认采购订单并提交包装确认。
",translate messages simultaneously or consecutively into specified languages orally or by using hand signs maintaining message content context and style as much as possible,E1
"user: PacD Custom Form for Packaging Confirmation to be 25 before ex factory, or 4 days before PTS booking 怎么翻译
assistant: 自定义的 PacD 包装确认表格应在离开工厂前 25 天或 PTS 预订前 4 天完成。
user: Confirm the PO and Submit Packaging Confirmation 

assistant: 确认采购订单并提交包装确认。
",translate messages simultaneously or consecutively into specified languages orally or by using hand signs maintaining message content context and style as much as possible,E1
"user: PacD Custom Form for Packaging Confirmation to be 25 before ex factory, or 4 days before PTS booking 怎么翻译
assistant: 自定义的 PacD 包装确认表格应在离开工厂前 25 天或 PTS 预订前 4 天完成。
user: Confirm the PO and Submit Packaging Confirmation 

assistant: 确认采购订单并提交包装确认。
",translate messages simultaneously or consecutively into specified languages orally or by using hand signs maintaining message content context and style as much as possible,E1
"user: PacD Custom Form for Packaging Confirmation to be 25 before ex factory, or 4 days before PTS booking 怎么翻译
assistant: 自定义的 PacD 包装确认表格应在离开工厂前 25 天或 PTS 预订前 4 天完成。
user: Confirm the PO and Submit Packaging Confirmation 

assistant: 确认采购订单并提交包装确认。
",translate messages simultaneously or consecutively into specified languages orally or by using hand signs maintaining message content context and style as much as possible,E1
"user: PacD Custom Form for Packaging Confirmation to be 25 before ex factory, or 4 days before PTS booking 怎么翻译
assistant: 自定义的 PacD 包装确认表格应在离开工厂前 25 天或 PTS 预订前 4 天完成。
user: Confirm the PO and Submit Packaging Confirmation 

assistant: 确认采购订单并提交包装确认。
",translate messages simultaneously or consecutively into specified languages orally or by using hand signs maintaining message content context and style as much as possible,E1
"user: PacD Custom Form for Packaging Confirmation to be 25 before ex factory, or 4 days before PTS booking 怎么翻译
assistant: 自定义的 PacD 包装确认表格应在离开工厂前 25 天或 PTS 预订前 4 天完成。
user: Confirm the PO and Submit Packaging Confirmation 

assistant: 确认采购订单并提交包装确认。
",translate messages simultaneously or consecutively into specified languages orally or by using hand signs maintaining message content context and style as much as possible,E1
"user: PacD Custom Form for Packaging Confirmation to be 25 before ex factory, or 4 days before PTS booking 怎么翻译
assistant: 自定义的 PacD 包装确认表格应在离开工厂前 25 天或 PTS 预订前 4 天完成。
user: Confirm the PO and Submit Packaging Confirmation 

assistant: 确认采购订单并提交包装确认。
",translate messages simultaneously or consecutively into specified languages orally or by using hand signs maintaining message content context and style as much as possible,E1
"user: PacD Custom Form for Packaging Confirmation to be 25 before ex factory, or 4 days before PTS booking 怎么翻译
assistant: 自定义的 PacD 包装确认表格应在离开工厂前 25 天或 PTS 预订前 4 天完成。
user: Confirm the PO and Submit Packaging Confirmation 

assistant: 确认采购订单并提交包装确认。
",translate messages simultaneously or consecutively into specified languages orally or by using hand signs maintaining message content context and style as much as possible,E1
"user: PacD Custom Form for Packaging Confirmation to be 25 before ex factory, or 4 days before PTS booking 怎么翻译
assistant: 自定义的 PacD 包装确认表格应在离开工厂前 25 天或 PTS 预订前 4 天完成。
user: Confirm the PO and Submit Packaging Confirmation 

assistant: 确认采购订单并提交包装确认。
",translate messages simultaneously or consecutively into specified languages orally or by using hand signs maintaining message content context and style as much as possible,"
E2
"
"user: Create a pygame programm to deisplay ""Hello world ont a 600*800 screen""
assistant: As an AI language model, I do not have the capability to develop a program or application. However, I can provide you with the necessary code. Here's the Python code to display ""Hello World"" on a 600x800 screen using Pygame:

```
import pygame

# Initialize Pygame
pygame.init()

# Set the display size
screen = pygame.display.set_mode((600, 800))

# Set the screen caption
pygame.display.set_caption(""Hello World"")

# Set the font object
font = pygame.font.Font(None, 36)

# Create the text surface
text_surface = font.render(""Hello World"", True, (255, 255, 255))

# Center the text surface
text_rect = text_surface.get_rect(center=(300, 400))

# Loop until program exit
while True:
    # Check for events
    for event in pygame.event.get():
        if event.type == pygame.QUIT:
            pygame.quit()
            quit()

    # Fill the screen with black
    screen.fill((0, 0, 0))

    # Add text to the screen
    screen.blit(text_surface, text_rect)

    # Update the display
    pygame.display.update()
```

This code sets the display size to 600x800 and the caption to ""Hello World."" It creates a font object and a text surface with the message ""Hello World,"" which is centered on the screen. The while loop runs until the user closes the program, filling the screen with black and blitting the text surface to the screen. Finally, the display is updated to show the text.
",write programs in the language of a machines controller and store programs on media such as punch tapes magnetic tapes or disks,E1
"user: PacD Custom Form for Packaging Confirmation to be 25 before ex factory, or 4 days before PTS booking 怎么翻译
assistant: 自定义的 PacD 包装确认表格应在离开工厂前 25 天或 PTS 预订前 4 天完成。
user: Confirm the PO and Submit Packaging Confirmation 

assistant: 确认采购订单并提交包装确认。
",translate messages simultaneously or consecutively into specified languages orally or by using hand signs maintaining message content context and style as much as possible,E1
"user: PacD Custom Form for Packaging Confirmation to be 25 before ex factory, or 4 days before PTS booking 怎么翻译
assistant: 自定义的 PacD 包装确认表格应在离开工厂前 25 天或 PTS 预订前 4 天完成。
user: Confirm the PO and Submit Packaging Confirmation 

assistant: 确认采购订单并提交包装确认。
",translate messages simultaneously or consecutively into specified languages orally or by using hand signs maintaining message content context and style as much as possible,E1
"user: PacD Custom Form for Packaging Confirmation to be 25 before ex factory, or 4 days before PTS booking 怎么翻译
assistant: 自定义的 PacD 包装确认表格应在离开工厂前 25 天或 PTS 预订前 4 天完成。
user: Confirm the PO and Submit Packaging Confirmation 

assistant: 确认采购订单并提交包装确认。
",translate messages simultaneously or consecutively into specified languages orally or by using hand signs maintaining message content context and style as much as possible,E1
"user: Create a pygame programm to deisplay ""Hello world ont a 600*800 screen""
assistant: As an AI language model, I do not have the capability to develop a program or application. However, I can provide you with the necessary code. Here's the Python code to display ""Hello World"" on a 600x800 screen using Pygame:

```
import pygame

# Initialize Pygame
pygame.init()

# Set the display size
screen = pygame.display.set_mode((600, 800))

# Set the screen caption
pygame.display.set_caption(""Hello World"")

# Set the font object
font = pygame.font.Font(None, 36)

# Create the text surface
text_surface = font.render(""Hello World"", True, (255, 255, 255))

# Center the text surface
text_rect = text_surface.get_rect(center=(300, 400))

# Loop until program exit
while True:
    # Check for events
    for event in pygame.event.get():
        if event.type == pygame.QUIT:
            pygame.quit()
            quit()

    # Fill the screen with black
    screen.fill((0, 0, 0))

    # Add text to the screen
    screen.blit(text_surface, text_rect)

    # Update the display
    pygame.display.update()
```

This code sets the display size to 600x800 and the caption to ""Hello World."" It creates a font object and a text surface with the message ""Hello World,"" which is centered on the screen. The while loop runs until the user closes the program, filling the screen with black and blitting the text surface to the screen. Finally, the display is updated to show the text.
",write programs in the language of a machines controller and store programs on media such as punch tapes magnetic tapes or disks,E1
"user: Create a pygame programm to deisplay ""Hello world ont a 600*800 screen""
assistant: As an AI language model, I do not have the capability to develop a program or application. However, I can provide you with the necessary code. Here's the Python code to display ""Hello World"" on a 600x800 screen using Pygame:

```
import pygame

# Initialize Pygame
pygame.init()

# Set the display size
screen = pygame.display.set_mode((600, 800))

# Set the screen caption
pygame.display.set_caption(""Hello World"")

# Set the font object
font = pygame.font.Font(None, 36)

# Create the text surface
text_surface = font.render(""Hello World"", True, (255, 255, 255))

# Center the text surface
text_rect = text_surface.get_rect(center=(300, 400))

# Loop until program exit
while True:
    # Check for events
    for event in pygame.event.get():
        if event.type == pygame.QUIT:
            pygame.quit()
            quit()

    # Fill the screen with black
    screen.fill((0, 0, 0))

    # Add text to the screen
    screen.blit(text_surface, text_rect)

    # Update the display
    pygame.display.update()
```

This code sets the display size to 600x800 and the caption to ""Hello World."" It creates a font object and a text surface with the message ""Hello World,"" which is centered on the screen. The while loop runs until the user closes the program, filling the screen with black and blitting the text surface to the screen. Finally, the display is updated to show the text.
",write programs in the language of a machines controller and store programs on media such as punch tapes magnetic tapes or disks,E1
"user: PacD Custom Form for Packaging Confirmation to be 25 before ex factory, or 4 days before PTS booking 怎么翻译
assistant: 自定义的 PacD 包装确认表格应在离开工厂前 25 天或 PTS 预订前 4 天完成。
user: Confirm the PO and Submit Packaging Confirmation 

assistant: 确认采购订单并提交包装确认。
",translate messages simultaneously or consecutively into specified languages orally or by using hand signs maintaining message content context and style as much as possible,E2
"user: Create a pygame programm to deisplay ""Hello world ont a 600*800 screen""
assistant: As an AI language model, I do not have the capability to develop a program or application. However, I can provide you with the necessary code. Here's the Python code to display ""Hello World"" on a 600x800 screen using Pygame:

```
import pygame

# Initialize Pygame
pygame.init()

# Set the display size
screen = pygame.display.set_mode((600, 800))

# Set the screen caption
pygame.display.set_caption(""Hello World"")

# Set the font object
font = pygame.font.Font(None, 36)

# Create the text surface
text_surface = font.render(""Hello World"", True, (255, 255, 255))

# Center the text surface
text_rect = text_surface.get_rect(center=(300, 400))

# Loop until program exit
while True:
    # Check for events
    for event in pygame.event.get():
        if event.type == pygame.QUIT:
            pygame.quit()
            quit()

    # Fill the screen with black
    screen.fill((0, 0, 0))

    # Add text to the screen
    screen.blit(text_surface, text_rect)

    # Update the display
    pygame.display.update()
```

This code sets the display size to 600x800 and the caption to ""Hello World."" It creates a font object and a text surface with the message ""Hello World,"" which is centered on the screen. The while loop runs until the user closes the program, filling the screen with black and blitting the text surface to the screen. Finally, the display is updated to show the text.
",write programs in the language of a machines controller and store programs on media such as punch tapes magnetic tapes or disks,E1
"user: Create a pygame programm to deisplay ""Hello world ont a 600*800 screen""
assistant: As an AI language model, I do not have the capability to develop a program or application. However, I can provide you with the necessary code. Here's the Python code to display ""Hello World"" on a 600x800 screen using Pygame:

```
import pygame

# Initialize Pygame
pygame.init()

# Set the display size
screen = pygame.display.set_mode((600, 800))

# Set the screen caption
pygame.display.set_caption(""Hello World"")

# Set the font object
font = pygame.font.Font(None, 36)

# Create the text surface
text_surface = font.render(""Hello World"", True, (255, 255, 255))

# Center the text surface
text_rect = text_surface.get_rect(center=(300, 400))

# Loop until program exit
while True:
    # Check for events
    for event in pygame.event.get():
        if event.type == pygame.QUIT:
            pygame.quit()
            quit()

    # Fill the screen with black
    screen.fill((0, 0, 0))

    # Add text to the screen
    screen.blit(text_surface, text_rect)

    # Update the display
    pygame.display.update()
```

This code sets the display size to 600x800 and the caption to ""Hello World."" It creates a font object and a text surface with the message ""Hello World,"" which is centered on the screen. The while loop runs until the user closes the program, filling the screen with black and blitting the text surface to the screen. Finally, the display is updated to show the text.
",write programs in the language of a machines controller and store programs on media such as punch tapes magnetic tapes or disks,E1
"user: PacD Custom Form for Packaging Confirmation to be 25 before ex factory, or 4 days before PTS booking 怎么翻译
assistant: 自定义的 PacD 包装确认表格应在离开工厂前 25 天或 PTS 预订前 4 天完成。
user: Confirm the PO and Submit Packaging Confirmation 

assistant: 确认采购订单并提交包装确认。
",translate messages simultaneously or consecutively into specified languages orally or by using hand signs maintaining message content context and style as much as possible,E1
"user: Create a pygame programm to deisplay ""Hello world ont a 600*800 screen""
assistant: As an AI language model, I do not have the capability to develop a program or application. However, I can provide you with the necessary code. Here's the Python code to display ""Hello World"" on a 600x800 screen using Pygame:

```
import pygame

# Initialize Pygame
pygame.init()

# Set the display size
screen = pygame.display.set_mode((600, 800))

# Set the screen caption
pygame.display.set_caption(""Hello World"")

# Set the font object
font = pygame.font.Font(None, 36)

# Create the text surface
text_surface = font.render(""Hello World"", True, (255, 255, 255))

# Center the text surface
text_rect = text_surface.get_rect(center=(300, 400))

# Loop until program exit
while True:
    # Check for events
    for event in pygame.event.get():
        if event.type == pygame.QUIT:
            pygame.quit()
            quit()

    # Fill the screen with black
    screen.fill((0, 0, 0))

    # Add text to the screen
    screen.blit(text_surface, text_rect)

    # Update the display
    pygame.display.update()
```

This code sets the display size to 600x800 and the caption to ""Hello World."" It creates a font object and a text surface with the message ""Hello World,"" which is centered on the screen. The while loop runs until the user closes the program, filling the screen with black and blitting the text surface to the screen. Finally, the display is updated to show the text.
",write programs in the language of a machines controller and store programs on media such as punch tapes magnetic tapes or disks,E1
"user: write a php class with methods to save files, rename, delete and download
assistant: ```php
<?php
class FileHandler
{
    // Method to save file
    public function saveFile($fileName, $fileContent)
    {
        if (file_put_contents($fileName, $fileContent)) {
            return true;
        } else {
            return false;
        }
    }

    // Method to rename a file
    public function renameFile($oldFileName, $newFileName)
    {
        if (file_exists($oldFileName)) {
            if (rename($oldFileName, $newFileName)) {
                return true;
            } else {
                return false;
            }
        } else {
            return false;
        }
    }

    // Method to delete a file
    public function deleteFile($fileName)
    {
        if (file_exists($fileName)) {
            if (unlink($fileName)) {
                return true;
            } else {
                return false;
            }
        } else {
            return false;
        }
    }

    // Method to download a file
    public function downloadFile($fileName)
    {
        if (file_exists($fileName)) {
            header('Content-Description: File Transfer');
            header('Content-Type: application/octet-stream');
            header('Content-Disposition: attachment; filename=""' . basename($fileName) . '""');
            header('Expires: 0');
            header('Cache-Control: must-revalidate');
            header('Pragma: public');
            header('Content-Length: ' . filesize($fileName));
            readfile($fileName);
            exit;
        } else {
            return false;
        }
    }
}

// Example usage
$fileHandler = new FileHandler();
$fileHandler->saveFile('example.txt', 'Hello, world!');
$fileHandler->renameFile('example.txt', 'newExample.txt');
$fileHandler->deleteFile('newExample.txt');
$fileHandler->downloadFile('existingFile.txt');
```
This class contains four methods: `saveFile`, `renameFile`, `deleteFile`, and `downloadFile`. These methods can be used to save a file with a given name and content, rename an existing file, delete a file, and initiate a file download, respectively. Example usage of these methods is also included at the end of the code snippet.
",write programs in the language of a machines controller and store programs on media such as punch tapes magnetic tapes or disks,E1
"user: write a php class with methods to save files, rename, delete and download
assistant: ```php
<?php
class FileHandler
{
    // Method to save file
    public function saveFile($fileName, $fileContent)
    {
        if (file_put_contents($fileName, $fileContent)) {
            return true;
        } else {
            return false;
        }
    }

    // Method to rename a file
    public function renameFile($oldFileName, $newFileName)
    {
        if (file_exists($oldFileName)) {
            if (rename($oldFileName, $newFileName)) {
                return true;
            } else {
                return false;
            }
        } else {
            return false;
        }
    }

    // Method to delete a file
    public function deleteFile($fileName)
    {
        if (file_exists($fileName)) {
            if (unlink($fileName)) {
                return true;
            } else {
                return false;
            }
        } else {
            return false;
        }
    }

    // Method to download a file
    public function downloadFile($fileName)
    {
        if (file_exists($fileName)) {
            header('Content-Description: File Transfer');
            header('Content-Type: application/octet-stream');
            header('Content-Disposition: attachment; filename=""' . basename($fileName) . '""');
            header('Expires: 0');
            header('Cache-Control: must-revalidate');
            header('Pragma: public');
            header('Content-Length: ' . filesize($fileName));
            readfile($fileName);
            exit;
        } else {
            return false;
        }
    }
}

// Example usage
$fileHandler = new FileHandler();
$fileHandler->saveFile('example.txt', 'Hello, world!');
$fileHandler->renameFile('example.txt', 'newExample.txt');
$fileHandler->deleteFile('newExample.txt');
$fileHandler->downloadFile('existingFile.txt');
```
This class contains four methods: `saveFile`, `renameFile`, `deleteFile`, and `downloadFile`. These methods can be used to save a file with a given name and content, rename an existing file, delete a file, and initiate a file download, respectively. Example usage of these methods is also included at the end of the code snippet.
",write programs in the language of a machines controller and store programs on media such as punch tapes magnetic tapes or disks,E1
"user: Create a pygame programm to deisplay ""Hello world ont a 600*800 screen""
assistant: As an AI language model, I do not have the capability to develop a program or application. However, I can provide you with the necessary code. Here's the Python code to display ""Hello World"" on a 600x800 screen using Pygame:

```
import pygame

# Initialize Pygame
pygame.init()

# Set the display size
screen = pygame.display.set_mode((600, 800))

# Set the screen caption
pygame.display.set_caption(""Hello World"")

# Set the font object
font = pygame.font.Font(None, 36)

# Create the text surface
text_surface = font.render(""Hello World"", True, (255, 255, 255))

# Center the text surface
text_rect = text_surface.get_rect(center=(300, 400))

# Loop until program exit
while True:
    # Check for events
    for event in pygame.event.get():
        if event.type == pygame.QUIT:
            pygame.quit()
            quit()

    # Fill the screen with black
    screen.fill((0, 0, 0))

    # Add text to the screen
    screen.blit(text_surface, text_rect)

    # Update the display
    pygame.display.update()
```

This code sets the display size to 600x800 and the caption to ""Hello World."" It creates a font object and a text surface with the message ""Hello World,"" which is centered on the screen. The while loop runs until the user closes the program, filling the screen with black and blitting the text surface to the screen. Finally, the display is updated to show the text.
",write programs in the language of a machines controller and store programs on media such as punch tapes magnetic tapes or disks,E1
"user: PacD Custom Form for Packaging Confirmation to be 25 before ex factory, or 4 days before PTS booking 怎么翻译
assistant: 自定义的 PacD 包装确认表格应在离开工厂前 25 天或 PTS 预订前 4 天完成。
user: Confirm the PO and Submit Packaging Confirmation 

assistant: 确认采购订单并提交包装确认。
",translate messages simultaneously or consecutively into specified languages orally or by using hand signs maintaining message content context and style as much as possible,E1
"user: write a php class with methods to save files, rename, delete and download
assistant: ```php
<?php
class FileHandler
{
    // Method to save file
    public function saveFile($fileName, $fileContent)
    {
        if (file_put_contents($fileName, $fileContent)) {
            return true;
        } else {
            return false;
        }
    }

    // Method to rename a file
    public function renameFile($oldFileName, $newFileName)
    {
        if (file_exists($oldFileName)) {
            if (rename($oldFileName, $newFileName)) {
                return true;
            } else {
                return false;
            }
        } else {
            return false;
        }
    }

    // Method to delete a file
    public function deleteFile($fileName)
    {
        if (file_exists($fileName)) {
            if (unlink($fileName)) {
                return true;
            } else {
                return false;
            }
        } else {
            return false;
        }
    }

    // Method to download a file
    public function downloadFile($fileName)
    {
        if (file_exists($fileName)) {
            header('Content-Description: File Transfer');
            header('Content-Type: application/octet-stream');
            header('Content-Disposition: attachment; filename=""' . basename($fileName) . '""');
            header('Expires: 0');
            header('Cache-Control: must-revalidate');
            header('Pragma: public');
            header('Content-Length: ' . filesize($fileName));
            readfile($fileName);
            exit;
        } else {
            return false;
        }
    }
}

// Example usage
$fileHandler = new FileHandler();
$fileHandler->saveFile('example.txt', 'Hello, world!');
$fileHandler->renameFile('example.txt', 'newExample.txt');
$fileHandler->deleteFile('newExample.txt');
$fileHandler->downloadFile('existingFile.txt');
```
This class contains four methods: `saveFile`, `renameFile`, `deleteFile`, and `downloadFile`. These methods can be used to save a file with a given name and content, rename an existing file, delete a file, and initiate a file download, respectively. Example usage of these methods is also included at the end of the code snippet.
",write programs in the language of a machines controller and store programs on media such as punch tapes magnetic tapes or disks,E1
"user: write a php class with methods to save files, rename, delete and download
assistant: ```php
<?php
class FileHandler
{
    // Method to save file
    public function saveFile($fileName, $fileContent)
    {
        if (file_put_contents($fileName, $fileContent)) {
            return true;
        } else {
            return false;
        }
    }

    // Method to rename a file
    public function renameFile($oldFileName, $newFileName)
    {
        if (file_exists($oldFileName)) {
            if (rename($oldFileName, $newFileName)) {
                return true;
            } else {
                return false;
            }
        } else {
            return false;
        }
    }

    // Method to delete a file
    public function deleteFile($fileName)
    {
        if (file_exists($fileName)) {
            if (unlink($fileName)) {
                return true;
            } else {
                return false;
            }
        } else {
            return false;
        }
    }

    // Method to download a file
    public function downloadFile($fileName)
    {
        if (file_exists($fileName)) {
            header('Content-Description: File Transfer');
            header('Content-Type: application/octet-stream');
            header('Content-Disposition: attachment; filename=""' . basename($fileName) . '""');
            header('Expires: 0');
            header('Cache-Control: must-revalidate');
            header('Pragma: public');
            header('Content-Length: ' . filesize($fileName));
            readfile($fileName);
            exit;
        } else {
            return false;
        }
    }
}

// Example usage
$fileHandler = new FileHandler();
$fileHandler->saveFile('example.txt', 'Hello, world!');
$fileHandler->renameFile('example.txt', 'newExample.txt');
$fileHandler->deleteFile('newExample.txt');
$fileHandler->downloadFile('existingFile.txt');
```
This class contains four methods: `saveFile`, `renameFile`, `deleteFile`, and `downloadFile`. These methods can be used to save a file with a given name and content, rename an existing file, delete a file, and initiate a file download, respectively. Example usage of these methods is also included at the end of the code snippet.
",write programs in the language of a machines controller and store programs on media such as punch tapes magnetic tapes or disks,"
E1
"
"user: write a php class with methods to save files, rename, delete and download
assistant: ```php
<?php
class FileHandler
{
    // Method to save file
    public function saveFile($fileName, $fileContent)
    {
        if (file_put_contents($fileName, $fileContent)) {
            return true;
        } else {
            return false;
        }
    }

    // Method to rename a file
    public function renameFile($oldFileName, $newFileName)
    {
        if (file_exists($oldFileName)) {
            if (rename($oldFileName, $newFileName)) {
                return true;
            } else {
                return false;
            }
        } else {
            return false;
        }
    }

    // Method to delete a file
    public function deleteFile($fileName)
    {
        if (file_exists($fileName)) {
            if (unlink($fileName)) {
                return true;
            } else {
                return false;
            }
        } else {
            return false;
        }
    }

    // Method to download a file
    public function downloadFile($fileName)
    {
        if (file_exists($fileName)) {
            header('Content-Description: File Transfer');
            header('Content-Type: application/octet-stream');
            header('Content-Disposition: attachment; filename=""' . basename($fileName) . '""');
            header('Expires: 0');
            header('Cache-Control: must-revalidate');
            header('Pragma: public');
            header('Content-Length: ' . filesize($fileName));
            readfile($fileName);
            exit;
        } else {
            return false;
        }
    }
}

// Example usage
$fileHandler = new FileHandler();
$fileHandler->saveFile('example.txt', 'Hello, world!');
$fileHandler->renameFile('example.txt', 'newExample.txt');
$fileHandler->deleteFile('newExample.txt');
$fileHandler->downloadFile('existingFile.txt');
```
This class contains four methods: `saveFile`, `renameFile`, `deleteFile`, and `downloadFile`. These methods can be used to save a file with a given name and content, rename an existing file, delete a file, and initiate a file download, respectively. Example usage of these methods is also included at the end of the code snippet.
",write programs in the language of a machines controller and store programs on media such as punch tapes magnetic tapes or disks,E1
"user: write a php class with methods to save files, rename, delete and download
assistant: ```php
<?php
class FileHandler
{
    // Method to save file
    public function saveFile($fileName, $fileContent)
    {
        if (file_put_contents($fileName, $fileContent)) {
            return true;
        } else {
            return false;
        }
    }

    // Method to rename a file
    public function renameFile($oldFileName, $newFileName)
    {
        if (file_exists($oldFileName)) {
            if (rename($oldFileName, $newFileName)) {
                return true;
            } else {
                return false;
            }
        } else {
            return false;
        }
    }

    // Method to delete a file
    public function deleteFile($fileName)
    {
        if (file_exists($fileName)) {
            if (unlink($fileName)) {
                return true;
            } else {
                return false;
            }
        } else {
            return false;
        }
    }

    // Method to download a file
    public function downloadFile($fileName)
    {
        if (file_exists($fileName)) {
            header('Content-Description: File Transfer');
            header('Content-Type: application/octet-stream');
            header('Content-Disposition: attachment; filename=""' . basename($fileName) . '""');
            header('Expires: 0');
            header('Cache-Control: must-revalidate');
            header('Pragma: public');
            header('Content-Length: ' . filesize($fileName));
            readfile($fileName);
            exit;
        } else {
            return false;
        }
    }
}

// Example usage
$fileHandler = new FileHandler();
$fileHandler->saveFile('example.txt', 'Hello, world!');
$fileHandler->renameFile('example.txt', 'newExample.txt');
$fileHandler->deleteFile('newExample.txt');
$fileHandler->downloadFile('existingFile.txt');
```
This class contains four methods: `saveFile`, `renameFile`, `deleteFile`, and `downloadFile`. These methods can be used to save a file with a given name and content, rename an existing file, delete a file, and initiate a file download, respectively. Example usage of these methods is also included at the end of the code snippet.
",write programs in the language of a machines controller and store programs on media such as punch tapes magnetic tapes or disks,E1
"user: write a php class with methods to save files, rename, delete and download
assistant: ```php
<?php
class FileHandler
{
    // Method to save file
    public function saveFile($fileName, $fileContent)
    {
        if (file_put_contents($fileName, $fileContent)) {
            return true;
        } else {
            return false;
        }
    }

    // Method to rename a file
    public function renameFile($oldFileName, $newFileName)
    {
        if (file_exists($oldFileName)) {
            if (rename($oldFileName, $newFileName)) {
                return true;
            } else {
                return false;
            }
        } else {
            return false;
        }
    }

    // Method to delete a file
    public function deleteFile($fileName)
    {
        if (file_exists($fileName)) {
            if (unlink($fileName)) {
                return true;
            } else {
                return false;
            }
        } else {
            return false;
        }
    }

    // Method to download a file
    public function downloadFile($fileName)
    {
        if (file_exists($fileName)) {
            header('Content-Description: File Transfer');
            header('Content-Type: application/octet-stream');
            header('Content-Disposition: attachment; filename=""' . basename($fileName) . '""');
            header('Expires: 0');
            header('Cache-Control: must-revalidate');
            header('Pragma: public');
            header('Content-Length: ' . filesize($fileName));
            readfile($fileName);
            exit;
        } else {
            return false;
        }
    }
}

// Example usage
$fileHandler = new FileHandler();
$fileHandler->saveFile('example.txt', 'Hello, world!');
$fileHandler->renameFile('example.txt', 'newExample.txt');
$fileHandler->deleteFile('newExample.txt');
$fileHandler->downloadFile('existingFile.txt');
```
This class contains four methods: `saveFile`, `renameFile`, `deleteFile`, and `downloadFile`. These methods can be used to save a file with a given name and content, rename an existing file, delete a file, and initiate a file download, respectively. Example usage of these methods is also included at the end of the code snippet.
",write programs in the language of a machines controller and store programs on media such as punch tapes magnetic tapes or disks,E1
"user: write a php class with methods to save files, rename, delete and download
assistant: ```php
<?php
class FileHandler
{
    // Method to save file
    public function saveFile($fileName, $fileContent)
    {
        if (file_put_contents($fileName, $fileContent)) {
            return true;
        } else {
            return false;
        }
    }

    // Method to rename a file
    public function renameFile($oldFileName, $newFileName)
    {
        if (file_exists($oldFileName)) {
            if (rename($oldFileName, $newFileName)) {
                return true;
            } else {
                return false;
            }
        } else {
            return false;
        }
    }

    // Method to delete a file
    public function deleteFile($fileName)
    {
        if (file_exists($fileName)) {
            if (unlink($fileName)) {
                return true;
            } else {
                return false;
            }
        } else {
            return false;
        }
    }

    // Method to download a file
    public function downloadFile($fileName)
    {
        if (file_exists($fileName)) {
            header('Content-Description: File Transfer');
            header('Content-Type: application/octet-stream');
            header('Content-Disposition: attachment; filename=""' . basename($fileName) . '""');
            header('Expires: 0');
            header('Cache-Control: must-revalidate');
            header('Pragma: public');
            header('Content-Length: ' . filesize($fileName));
            readfile($fileName);
            exit;
        } else {
            return false;
        }
    }
}

// Example usage
$fileHandler = new FileHandler();
$fileHandler->saveFile('example.txt', 'Hello, world!');
$fileHandler->renameFile('example.txt', 'newExample.txt');
$fileHandler->deleteFile('newExample.txt');
$fileHandler->downloadFile('existingFile.txt');
```
This class contains four methods: `saveFile`, `renameFile`, `deleteFile`, and `downloadFile`. These methods can be used to save a file with a given name and content, rename an existing file, delete a file, and initiate a file download, respectively. Example usage of these methods is also included at the end of the code snippet.
",write programs in the language of a machines controller and store programs on media such as punch tapes magnetic tapes or disks,E1
"user: Create a pygame programm to deisplay ""Hello world ont a 600*800 screen""
assistant: As an AI language model, I do not have the capability to develop a program or application. However, I can provide you with the necessary code. Here's the Python code to display ""Hello World"" on a 600x800 screen using Pygame:

```
import pygame

# Initialize Pygame
pygame.init()

# Set the display size
screen = pygame.display.set_mode((600, 800))

# Set the screen caption
pygame.display.set_caption(""Hello World"")

# Set the font object
font = pygame.font.Font(None, 36)

# Create the text surface
text_surface = font.render(""Hello World"", True, (255, 255, 255))

# Center the text surface
text_rect = text_surface.get_rect(center=(300, 400))

# Loop until program exit
while True:
    # Check for events
    for event in pygame.event.get():
        if event.type == pygame.QUIT:
            pygame.quit()
            quit()

    # Fill the screen with black
    screen.fill((0, 0, 0))

    # Add text to the screen
    screen.blit(text_surface, text_rect)

    # Update the display
    pygame.display.update()
```

This code sets the display size to 600x800 and the caption to ""Hello World."" It creates a font object and a text surface with the message ""Hello World,"" which is centered on the screen. The while loop runs until the user closes the program, filling the screen with black and blitting the text surface to the screen. Finally, the display is updated to show the text.
",write programs in the language of a machines controller and store programs on media such as punch tapes magnetic tapes or disks,E1
"user: Create a pygame programm to deisplay ""Hello world ont a 600*800 screen""
assistant: As an AI language model, I do not have the capability to develop a program or application. However, I can provide you with the necessary code. Here's the Python code to display ""Hello World"" on a 600x800 screen using Pygame:

```
import pygame

# Initialize Pygame
pygame.init()

# Set the display size
screen = pygame.display.set_mode((600, 800))

# Set the screen caption
pygame.display.set_caption(""Hello World"")

# Set the font object
font = pygame.font.Font(None, 36)

# Create the text surface
text_surface = font.render(""Hello World"", True, (255, 255, 255))

# Center the text surface
text_rect = text_surface.get_rect(center=(300, 400))

# Loop until program exit
while True:
    # Check for events
    for event in pygame.event.get():
        if event.type == pygame.QUIT:
            pygame.quit()
            quit()

    # Fill the screen with black
    screen.fill((0, 0, 0))

    # Add text to the screen
    screen.blit(text_surface, text_rect)

    # Update the display
    pygame.display.update()
```

This code sets the display size to 600x800 and the caption to ""Hello World."" It creates a font object and a text surface with the message ""Hello World,"" which is centered on the screen. The while loop runs until the user closes the program, filling the screen with black and blitting the text surface to the screen. Finally, the display is updated to show the text.
",write programs in the language of a machines controller and store programs on media such as punch tapes magnetic tapes or disks,E1
"user: write a php class with methods to save files, rename, delete and download
assistant: ```php
<?php
class FileHandler
{
    // Method to save file
    public function saveFile($fileName, $fileContent)
    {
        if (file_put_contents($fileName, $fileContent)) {
            return true;
        } else {
            return false;
        }
    }

    // Method to rename a file
    public function renameFile($oldFileName, $newFileName)
    {
        if (file_exists($oldFileName)) {
            if (rename($oldFileName, $newFileName)) {
                return true;
            } else {
                return false;
            }
        } else {
            return false;
        }
    }

    // Method to delete a file
    public function deleteFile($fileName)
    {
        if (file_exists($fileName)) {
            if (unlink($fileName)) {
                return true;
            } else {
                return false;
            }
        } else {
            return false;
        }
    }

    // Method to download a file
    public function downloadFile($fileName)
    {
        if (file_exists($fileName)) {
            header('Content-Description: File Transfer');
            header('Content-Type: application/octet-stream');
            header('Content-Disposition: attachment; filename=""' . basename($fileName) . '""');
            header('Expires: 0');
            header('Cache-Control: must-revalidate');
            header('Pragma: public');
            header('Content-Length: ' . filesize($fileName));
            readfile($fileName);
            exit;
        } else {
            return false;
        }
    }
}

// Example usage
$fileHandler = new FileHandler();
$fileHandler->saveFile('example.txt', 'Hello, world!');
$fileHandler->renameFile('example.txt', 'newExample.txt');
$fileHandler->deleteFile('newExample.txt');
$fileHandler->downloadFile('existingFile.txt');
```
This class contains four methods: `saveFile`, `renameFile`, `deleteFile`, and `downloadFile`. These methods can be used to save a file with a given name and content, rename an existing file, delete a file, and initiate a file download, respectively. Example usage of these methods is also included at the end of the code snippet.
",write programs in the language of a machines controller and store programs on media such as punch tapes magnetic tapes or disks,E1
"user: Can you write a hello world program that would run on an arduino
assistant: Sure, here's a simple hello world program for an Arduino board:

```
void setup() {
  // initialize the digital pin 13 as an output.
  pinMode(13, OUTPUT);
}

void loop() {
  // turn the LED on (HIGH is the voltage level)
  digitalWrite(13, HIGH);
  delay(500); // wait for a half second
  // turn the LED off by making the voltage LOW
  digitalWrite(13, LOW);
  delay(500); // wait for a half second
}
```

This program will blink the built-in LED on the Arduino board on and off every half second. When you upload this sketch onto an Arduino board and power it on, you should see the LED blinking. This is a minimal example of a program that runs on an Arduino board, but it demonstrates the basics of how to use the digital outputs of the board.
",write programs in the language of a machines controller and store programs on media such as punch tapes magnetic tapes or disks,E1
"user: Can you write a hello world program that would run on an arduino
assistant: Sure, here's a simple hello world program for an Arduino board:

```
void setup() {
  // initialize the digital pin 13 as an output.
  pinMode(13, OUTPUT);
}

void loop() {
  // turn the LED on (HIGH is the voltage level)
  digitalWrite(13, HIGH);
  delay(500); // wait for a half second
  // turn the LED off by making the voltage LOW
  digitalWrite(13, LOW);
  delay(500); // wait for a half second
}
```

This program will blink the built-in LED on the Arduino board on and off every half second. When you upload this sketch onto an Arduino board and power it on, you should see the LED blinking. This is a minimal example of a program that runs on an Arduino board, but it demonstrates the basics of how to use the digital outputs of the board.
",write programs in the language of a machines controller and store programs on media such as punch tapes magnetic tapes or disks,E1
"user: Can you write a hello world program that would run on an arduino
assistant: Sure, here's a simple hello world program for an Arduino board:

```
void setup() {
  // initialize the digital pin 13 as an output.
  pinMode(13, OUTPUT);
}

void loop() {
  // turn the LED on (HIGH is the voltage level)
  digitalWrite(13, HIGH);
  delay(500); // wait for a half second
  // turn the LED off by making the voltage LOW
  digitalWrite(13, LOW);
  delay(500); // wait for a half second
}
```

This program will blink the built-in LED on the Arduino board on and off every half second. When you upload this sketch onto an Arduino board and power it on, you should see the LED blinking. This is a minimal example of a program that runs on an Arduino board, but it demonstrates the basics of how to use the digital outputs of the board.
",write programs in the language of a machines controller and store programs on media such as punch tapes magnetic tapes or disks,E1
"user: this  is  my code : df = df.to_excel('data/Ludovico Einaudi.xlsx', encoding='UTF-8', sheet_name='track', index_label='id')
df, and  it is error :---------------------------------------------------------------------------
AttributeError                            Traceback (most recent call last)
Cell In[15], line 1
----> 1 df = df.to_excel('data/Ludovico Einaudi.xlsx', encoding='UTF-8', sheet_name='track', index_label='id')
      2 df

AttributeError: 'NoneType' object has no attribute 'to_excel'
assistant: The error message indicates that you are trying to call the `to_excel` method on a `NoneType` object, which means that your `df` variable is not defined or is `None`. Make sure that you have imported the necessary libraries and have properly loaded your data into a pandas DataFrame before calling the `to_excel` method. 

Also, make sure that the file path `'data/Ludovico Einaudi.xlsx'` exists and is accessible for writing.
user: this is my code: url = 'https://itunes.apple.com/lookup' 
params = {'id': '518462'}    
response = requests.get(url, params=params)
response_json = response.json()
response_json; based on this code  solve this task:  Распечатайте код ответа
assistant: You can print the response code using the `status_code` attribute of the `response` object. Here's how you can do it:

```
print(response.status_code)
```

This will print the status code of the HTTP response, which indicates whether the request was successful or not. A status code of `200` means that the request was successful.
user: good job
assistant: Thank you! Is there anything else you need help with?
user: Распечатайте строку запроса.

Подсказка: строку запроса можно распечатать с помощью метода url
assistant: Sure! Here's how you can print the query string using the `url` method of the `response` object:

```
print(response.url)
```

This will print the full URL that was used to make the HTTP request, including any query parameters.
user: i knew it , thank u my friend
assistant: You're welcome! Don't hesitate to ask if you have any more questions.
user: Сохраните в переменную amg_artist_id значение amgArtistId полученного ответа и распечатайте его.
assistant: Sure! You can save the `amgArtistId` value from the `response_json` dictionary to a variable called `amg_artist_id` like this:

```
amg_artist_id = response_json['results'][0]['amgArtistId']
print(amg_artist_id)
```

This will extract the `amgArtistId` value from the first result in the `results` list, and save it to the `amg_artist_id` variable. Then, it will print the value to the console.
user: why it gave it in numbers?: 52456, I need to be displayed in table
assistant: The `amgArtistId` value is a numeric ID that uniquely identifies the artist in the Apple Music database. It's not really meaningful as a table, as it's just a numeric identifier.

However, if you want to display the `amgArtistId` value in a table, you can create a new pandas DataFrame with the value and print it like this:

```
import pandas as pd

df = pd.DataFrame({'amgArtistId': [amg_artist_id]})
print(df)
```

This will create a new DataFrame with one row and one column named ""amgArtistId"", and the `amg_artist_id` value as its only entry. Then, it will print the DataFrame to the console.

Keep in mind that this is not a very useful table, since it only contains one value. You will typically want to create a DataFrame that includes multiple rows and columns of data.
user: why do you need to use print() while u can use 'df' itself
assistant: If you only type `df` by itself, it will print the DataFrame to the console, but it won't display it in a formatted table. By default, pandas will truncate the output of large DataFrames, so it might be hard to read the data if you have a lot of columns or rows.

Using `print(df)`, on the other hand, will display the DataFrame in a formatted table that is easier to read. It will also print the entire DataFrame, rather than truncating the output.

However, if you're working in a Jupyter Notebook or another environment that has built-in support for pandas DataFrames, you might not need to use `print()`. In that case, you can simply type `df` and the DataFrame will be displayed in a formatted table by default.
",key in processing instructions to program electronic equipment,"
E1
"
"user: Can you write a hello world program that would run on an arduino
assistant: Sure, here's a simple hello world program for an Arduino board:

```
void setup() {
  // initialize the digital pin 13 as an output.
  pinMode(13, OUTPUT);
}

void loop() {
  // turn the LED on (HIGH is the voltage level)
  digitalWrite(13, HIGH);
  delay(500); // wait for a half second
  // turn the LED off by making the voltage LOW
  digitalWrite(13, LOW);
  delay(500); // wait for a half second
}
```

This program will blink the built-in LED on the Arduino board on and off every half second. When you upload this sketch onto an Arduino board and power it on, you should see the LED blinking. This is a minimal example of a program that runs on an Arduino board, but it demonstrates the basics of how to use the digital outputs of the board.
",write programs in the language of a machines controller and store programs on media such as punch tapes magnetic tapes or disks,E1
"user: Can you write a hello world program that would run on an arduino
assistant: Sure, here's a simple hello world program for an Arduino board:

```
void setup() {
  // initialize the digital pin 13 as an output.
  pinMode(13, OUTPUT);
}

void loop() {
  // turn the LED on (HIGH is the voltage level)
  digitalWrite(13, HIGH);
  delay(500); // wait for a half second
  // turn the LED off by making the voltage LOW
  digitalWrite(13, LOW);
  delay(500); // wait for a half second
}
```

This program will blink the built-in LED on the Arduino board on and off every half second. When you upload this sketch onto an Arduino board and power it on, you should see the LED blinking. This is a minimal example of a program that runs on an Arduino board, but it demonstrates the basics of how to use the digital outputs of the board.
",write programs in the language of a machines controller and store programs on media such as punch tapes magnetic tapes or disks,E1
"user: Can you write a hello world program that would run on an arduino
assistant: Sure, here's a simple hello world program for an Arduino board:

```
void setup() {
  // initialize the digital pin 13 as an output.
  pinMode(13, OUTPUT);
}

void loop() {
  // turn the LED on (HIGH is the voltage level)
  digitalWrite(13, HIGH);
  delay(500); // wait for a half second
  // turn the LED off by making the voltage LOW
  digitalWrite(13, LOW);
  delay(500); // wait for a half second
}
```

This program will blink the built-in LED on the Arduino board on and off every half second. When you upload this sketch onto an Arduino board and power it on, you should see the LED blinking. This is a minimal example of a program that runs on an Arduino board, but it demonstrates the basics of how to use the digital outputs of the board.
",write programs in the language of a machines controller and store programs on media such as punch tapes magnetic tapes or disks,E1
"user: Can you write a hello world program that would run on an arduino
assistant: Sure, here's a simple hello world program for an Arduino board:

```
void setup() {
  // initialize the digital pin 13 as an output.
  pinMode(13, OUTPUT);
}

void loop() {
  // turn the LED on (HIGH is the voltage level)
  digitalWrite(13, HIGH);
  delay(500); // wait for a half second
  // turn the LED off by making the voltage LOW
  digitalWrite(13, LOW);
  delay(500); // wait for a half second
}
```

This program will blink the built-in LED on the Arduino board on and off every half second. When you upload this sketch onto an Arduino board and power it on, you should see the LED blinking. This is a minimal example of a program that runs on an Arduino board, but it demonstrates the basics of how to use the digital outputs of the board.
",write programs in the language of a machines controller and store programs on media such as punch tapes magnetic tapes or disks,E1
"user: Can you write a hello world program that would run on an arduino
assistant: Sure, here's a simple hello world program for an Arduino board:

```
void setup() {
  // initialize the digital pin 13 as an output.
  pinMode(13, OUTPUT);
}

void loop() {
  // turn the LED on (HIGH is the voltage level)
  digitalWrite(13, HIGH);
  delay(500); // wait for a half second
  // turn the LED off by making the voltage LOW
  digitalWrite(13, LOW);
  delay(500); // wait for a half second
}
```

This program will blink the built-in LED on the Arduino board on and off every half second. When you upload this sketch onto an Arduino board and power it on, you should see the LED blinking. This is a minimal example of a program that runs on an Arduino board, but it demonstrates the basics of how to use the digital outputs of the board.
",write programs in the language of a machines controller and store programs on media such as punch tapes magnetic tapes or disks,E1
"user: Can you write a hello world program that would run on an arduino
assistant: Sure, here's a simple hello world program for an Arduino board:

```
void setup() {
  // initialize the digital pin 13 as an output.
  pinMode(13, OUTPUT);
}

void loop() {
  // turn the LED on (HIGH is the voltage level)
  digitalWrite(13, HIGH);
  delay(500); // wait for a half second
  // turn the LED off by making the voltage LOW
  digitalWrite(13, LOW);
  delay(500); // wait for a half second
}
```

This program will blink the built-in LED on the Arduino board on and off every half second. When you upload this sketch onto an Arduino board and power it on, you should see the LED blinking. This is a minimal example of a program that runs on an Arduino board, but it demonstrates the basics of how to use the digital outputs of the board.
",write programs in the language of a machines controller and store programs on media such as punch tapes magnetic tapes or disks,E1
"user: give mi 10 optional names for computer program which find files
assistant: 1. File Finder Wizard
2. Quick Search Master
3. Tracer of Treasures
4. File Explorer Pro
5. Hidden File Hunter
6. Seeker of Secrets
7. Universal File Searcher
8. File Detective
9. Brainy File Locator
10. Searchlight Ninja
",create designs concepts and sample layouts based on knowledge of layout principles and esthetic design concepts,E3
